--
-- PostgreSQL database dump
--

-- Dumped from database version 16.9 (Ubuntu 16.9-0ubuntu0.24.04.1)
-- Dumped by pg_dump version 16.9 (Ubuntu 16.9-0ubuntu0.24.04.1)

SET statement_timeout = 0;
SET lock_timeout = 0;
SET idle_in_transaction_session_timeout = 0;
SET client_encoding = 'UTF8';
SET standard_conforming_strings = on;
SELECT pg_catalog.set_config('search_path', '', false);
SET check_function_bodies = false;
SET xmloption = content;
SET client_min_messages = warning;
SET row_security = off;

SET default_tablespace = '';

SET default_table_access_method = heap;

--
-- Name: usuario; Type: TABLE; Schema: public; Owner: mouad
--

CREATE TABLE public.usuario (
    id bigint NOT NULL,
    nombre character varying(50) NOT NULL,
    email character varying(50) NOT NULL,
    password character varying(250) NOT NULL,
    apellido character varying(50) NOT NULL
);


ALTER TABLE public.usuario OWNER TO mouad;

--
-- Name: Usuario_id_seq; Type: SEQUENCE; Schema: public; Owner: mouad
--

CREATE SEQUENCE public."Usuario_id_seq"
    AS integer
    START WITH 1
    INCREMENT BY 1
    NO MINVALUE
    NO MAXVALUE
    CACHE 1;


ALTER SEQUENCE public."Usuario_id_seq" OWNER TO mouad;

--
-- Name: Usuario_id_seq; Type: SEQUENCE OWNED BY; Schema: public; Owner: mouad
--

ALTER SEQUENCE public."Usuario_id_seq" OWNED BY public.usuario.id;


--
-- Name: chat; Type: TABLE; Schema: public; Owner: mouad
--

CREATE TABLE public.chat (
    id bigint NOT NULL,
    contenido character varying(255) NOT NULL,
    created_at timestamp(6) without time zone,
    fecha_hora timestamp(6) without time zone NOT NULL,
    updated_at timestamp(6) without time zone,
    visto boolean NOT NULL,
    emisor_id bigint NOT NULL,
    receptor_id bigint NOT NULL
);


ALTER TABLE public.chat OWNER TO mouad;

--
-- Name: chat_id_seq; Type: SEQUENCE; Schema: public; Owner: mouad
--

ALTER TABLE public.chat ALTER COLUMN id ADD GENERATED BY DEFAULT AS IDENTITY (
    SEQUENCE NAME public.chat_id_seq
    START WITH 1
    INCREMENT BY 1
    NO MINVALUE
    NO MAXVALUE
    CACHE 1
);


--
-- Name: comentario; Type: TABLE; Schema: public; Owner: mouad
--

CREATE TABLE public.comentario (
    id bigint NOT NULL,
    contenido character varying(1000),
    created_at timestamp(6) without time zone,
    fecha timestamp(6) without time zone NOT NULL,
    img character varying(255),
    updated_at timestamp(6) without time zone,
    usuario_id bigint NOT NULL,
    post_id bigint
);


ALTER TABLE public.comentario OWNER TO mouad;

--
-- Name: comentario_id_seq; Type: SEQUENCE; Schema: public; Owner: mouad
--

ALTER TABLE public.comentario ALTER COLUMN id ADD GENERATED BY DEFAULT AS IDENTITY (
    SEQUENCE NAME public.comentario_id_seq
    START WITH 1
    INCREMENT BY 1
    NO MINVALUE
    NO MAXVALUE
    CACHE 1
);


--
-- Name: evento; Type: TABLE; Schema: public; Owner: mouad
--

CREATE TABLE public.evento (
    id bigint NOT NULL,
    descripcion character varying(250) NOT NULL,
    fecha date NOT NULL,
    nombre character varying(50) NOT NULL,
    ubicacion character varying(250) NOT NULL
);


ALTER TABLE public.evento OWNER TO mouad;

--
-- Name: evento_id_seq; Type: SEQUENCE; Schema: public; Owner: mouad
--

ALTER TABLE public.evento ALTER COLUMN id ADD GENERATED BY DEFAULT AS IDENTITY (
    SEQUENCE NAME public.evento_id_seq
    START WITH 1
    INCREMENT BY 1
    NO MINVALUE
    NO MAXVALUE
    CACHE 1
);


--
-- Name: grupo; Type: TABLE; Schema: public; Owner: mouad
--

CREATE TABLE public.grupo (
    id bigint NOT NULL,
    nombre character varying(255) NOT NULL,
    descripcion character varying(255) NOT NULL
);


ALTER TABLE public.grupo OWNER TO mouad;

--
-- Name: grupo_id_seq; Type: SEQUENCE; Schema: public; Owner: mouad
--

CREATE SEQUENCE public.grupo_id_seq
    AS integer
    START WITH 1
    INCREMENT BY 1
    NO MINVALUE
    NO MAXVALUE
    CACHE 1;


ALTER SEQUENCE public.grupo_id_seq OWNER TO mouad;

--
-- Name: grupo_id_seq; Type: SEQUENCE OWNED BY; Schema: public; Owner: mouad
--

ALTER SEQUENCE public.grupo_id_seq OWNED BY public.grupo.id;


--
-- Name: mascota; Type: TABLE; Schema: public; Owner: mouad
--

CREATE TABLE public.mascota (
    id bigint NOT NULL,
    genero character varying(10) NOT NULL,
    nombre character varying(50) NOT NULL,
    especie character varying(50) NOT NULL,
    usuario_id bigint NOT NULL,
    foto character varying(255),
    fecha_nacimiento date
);


ALTER TABLE public.mascota OWNER TO mouad;

--
-- Name: mascota_id_seq; Type: SEQUENCE; Schema: public; Owner: mouad
--

ALTER TABLE public.mascota ALTER COLUMN id ADD GENERATED BY DEFAULT AS IDENTITY (
    SEQUENCE NAME public.mascota_id_seq
    START WITH 1
    INCREMENT BY 1
    NO MINVALUE
    NO MAXVALUE
    CACHE 1
);


--
-- Name: notificaciones; Type: TABLE; Schema: public; Owner: mouad
--

CREATE TABLE public.notificaciones (
    id bigint NOT NULL,
    fecha timestamp(6) without time zone NOT NULL
);


ALTER TABLE public.notificaciones OWNER TO mouad;

--
-- Name: notificaciones_id_seq; Type: SEQUENCE; Schema: public; Owner: mouad
--

ALTER TABLE public.notificaciones ALTER COLUMN id ADD GENERATED BY DEFAULT AS IDENTITY (
    SEQUENCE NAME public.notificaciones_id_seq
    START WITH 1
    INCREMENT BY 1
    NO MINVALUE
    NO MAXVALUE
    CACHE 1
);


--
-- Name: perfil; Type: TABLE; Schema: public; Owner: mouad
--

CREATE TABLE public.perfil (
    id bigint NOT NULL,
    usuario_id bigint NOT NULL,
    descripcion character varying(255),
    fecha_nacimiento date,
    img character varying(255)
);


ALTER TABLE public.perfil OWNER TO mouad;

--
-- Name: perfil_id_seq; Type: SEQUENCE; Schema: public; Owner: mouad
--

CREATE SEQUENCE public.perfil_id_seq
    AS integer
    START WITH 1
    INCREMENT BY 1
    NO MINVALUE
    NO MAXVALUE
    CACHE 1;


ALTER SEQUENCE public.perfil_id_seq OWNER TO mouad;

--
-- Name: perfil_id_seq; Type: SEQUENCE OWNED BY; Schema: public; Owner: mouad
--

ALTER SEQUENCE public.perfil_id_seq OWNED BY public.perfil.id;


--
-- Name: post; Type: TABLE; Schema: public; Owner: mouad
--

CREATE TABLE public.post (
    id bigint NOT NULL,
    grupo_id bigint,
    creador_id bigint NOT NULL,
    contenido character varying(255),
    fecha timestamp(6) without time zone NOT NULL,
    img character varying(255),
    created_at timestamp(6) without time zone,
    updated_at timestamp(6) without time zone
);


ALTER TABLE public.post OWNER TO mouad;

--
-- Name: post_id_seq; Type: SEQUENCE; Schema: public; Owner: mouad
--

CREATE SEQUENCE public.post_id_seq
    AS integer
    START WITH 1
    INCREMENT BY 1
    NO MINVALUE
    NO MAXVALUE
    CACHE 1;


ALTER SEQUENCE public.post_id_seq OWNER TO mouad;

--
-- Name: post_id_seq; Type: SEQUENCE OWNED BY; Schema: public; Owner: mouad
--

ALTER SEQUENCE public.post_id_seq OWNED BY public.post.id;


--
-- Name: seguido; Type: TABLE; Schema: public; Owner: mouad
--

CREATE TABLE public.seguido (
    id bigint NOT NULL,
    usuario_que_es_seguido_id bigint NOT NULL,
    usuario_que_sigue_id bigint NOT NULL
);


ALTER TABLE public.seguido OWNER TO mouad;

--
-- Name: seguido_id_seq; Type: SEQUENCE; Schema: public; Owner: mouad
--

ALTER TABLE public.seguido ALTER COLUMN id ADD GENERATED BY DEFAULT AS IDENTITY (
    SEQUENCE NAME public.seguido_id_seq
    START WITH 1
    INCREMENT BY 1
    NO MINVALUE
    NO MAXVALUE
    CACHE 1
);


--
-- Name: usuario_evento; Type: TABLE; Schema: public; Owner: mouad
--

CREATE TABLE public.usuario_evento (
    id bigint NOT NULL,
    rol character varying(255) NOT NULL,
    evento_id bigint NOT NULL,
    usuario_id bigint NOT NULL
);


ALTER TABLE public.usuario_evento OWNER TO mouad;

--
-- Name: usuario_evento_id_seq; Type: SEQUENCE; Schema: public; Owner: mouad
--

ALTER TABLE public.usuario_evento ALTER COLUMN id ADD GENERATED BY DEFAULT AS IDENTITY (
    SEQUENCE NAME public.usuario_evento_id_seq
    START WITH 1
    INCREMENT BY 1
    NO MINVALUE
    NO MAXVALUE
    CACHE 1
);


--
-- Name: usuario_grupo; Type: TABLE; Schema: public; Owner: mouad
--

CREATE TABLE public.usuario_grupo (
    id bigint NOT NULL,
    grupo_id bigint,
    usuario_id bigint NOT NULL,
    rol character varying(255)
);


ALTER TABLE public.usuario_grupo OWNER TO mouad;

--
-- Name: usuario_grupo_id_seq; Type: SEQUENCE; Schema: public; Owner: mouad
--

CREATE SEQUENCE public.usuario_grupo_id_seq
    AS integer
    START WITH 1
    INCREMENT BY 1
    NO MINVALUE
    NO MAXVALUE
    CACHE 1;


ALTER SEQUENCE public.usuario_grupo_id_seq OWNER TO mouad;

--
-- Name: usuario_grupo_id_seq; Type: SEQUENCE OWNED BY; Schema: public; Owner: mouad
--

ALTER SEQUENCE public.usuario_grupo_id_seq OWNED BY public.usuario_grupo.id;


--
-- Name: usuario_post; Type: TABLE; Schema: public; Owner: mouad
--

CREATE TABLE public.usuario_post (
    id bigint NOT NULL,
    fecha timestamp(6) without time zone NOT NULL,
    post_id bigint NOT NULL,
    usuario_id bigint NOT NULL
);


ALTER TABLE public.usuario_post OWNER TO mouad;

--
-- Name: usuario_post_id_seq; Type: SEQUENCE; Schema: public; Owner: mouad
--

ALTER TABLE public.usuario_post ALTER COLUMN id ADD GENERATED BY DEFAULT AS IDENTITY (
    SEQUENCE NAME public.usuario_post_id_seq
    START WITH 1
    INCREMENT BY 1
    NO MINVALUE
    NO MAXVALUE
    CACHE 1
);


--
-- Name: valoracion; Type: TABLE; Schema: public; Owner: fernando
--

CREATE TABLE public.valoracion (
    id bigint NOT NULL,
    autor_id bigint NOT NULL,
    receptor_id bigint NOT NULL,
    puntuacion integer NOT NULL,
    contenido character varying(255) NOT NULL,
    fecha timestamp without time zone NOT NULL,
    created_at timestamp without time zone DEFAULT CURRENT_TIMESTAMP NOT NULL,
    updated_at timestamp without time zone DEFAULT CURRENT_TIMESTAMP NOT NULL,
    CONSTRAINT valoracion_puntuacion_check CHECK (((puntuacion >= 1) AND (puntuacion <= 5)))
);


ALTER TABLE public.valoracion OWNER TO fernando;

--
-- Name: valoracion_id_seq; Type: SEQUENCE; Schema: public; Owner: fernando
--

CREATE SEQUENCE public.valoracion_id_seq
    START WITH 1
    INCREMENT BY 1
    NO MINVALUE
    NO MAXVALUE
    CACHE 1;


ALTER SEQUENCE public.valoracion_id_seq OWNER TO fernando;

--
-- Name: valoracion_id_seq; Type: SEQUENCE OWNED BY; Schema: public; Owner: fernando
--

ALTER SEQUENCE public.valoracion_id_seq OWNED BY public.valoracion.id;


--
-- Name: grupo id; Type: DEFAULT; Schema: public; Owner: mouad
--

ALTER TABLE ONLY public.grupo ALTER COLUMN id SET DEFAULT nextval('public.grupo_id_seq'::regclass);


--
-- Name: perfil id; Type: DEFAULT; Schema: public; Owner: mouad
--

ALTER TABLE ONLY public.perfil ALTER COLUMN id SET DEFAULT nextval('public.perfil_id_seq'::regclass);


--
-- Name: post id; Type: DEFAULT; Schema: public; Owner: mouad
--

ALTER TABLE ONLY public.post ALTER COLUMN id SET DEFAULT nextval('public.post_id_seq'::regclass);


--
-- Name: usuario id; Type: DEFAULT; Schema: public; Owner: mouad
--

ALTER TABLE ONLY public.usuario ALTER COLUMN id SET DEFAULT nextval('public."Usuario_id_seq"'::regclass);


--
-- Name: usuario_grupo id; Type: DEFAULT; Schema: public; Owner: mouad
--

ALTER TABLE ONLY public.usuario_grupo ALTER COLUMN id SET DEFAULT nextval('public.usuario_grupo_id_seq'::regclass);


--
-- Name: valoracion id; Type: DEFAULT; Schema: public; Owner: fernando
--

ALTER TABLE ONLY public.valoracion ALTER COLUMN id SET DEFAULT nextval('public.valoracion_id_seq'::regclass);


--
-- Data for Name: chat; Type: TABLE DATA; Schema: public; Owner: mouad
--

COPY public.chat (id, contenido, created_at, fecha_hora, updated_at, visto, emisor_id, receptor_id) FROM stdin;
1	Hola maouad!	2025-05-25 23:42:15.005597	2025-05-25 23:42:14.98766	2025-05-26 07:54:19.169168	t	1	3
2	fsdfs	2025-05-26 07:54:27.566086	2025-05-26 07:54:27.565254	2025-05-26 07:54:34.98071	t	3	1
3	sdf	2025-05-26 07:54:34.12816	2025-05-26 07:54:34.127198	2025-05-26 07:54:39.121795	t	1	3
4	kjgk	2025-05-26 07:54:44.640725	2025-05-26 07:54:44.639499	2025-05-26 07:54:44.979202	t	3	1
5	Hola Mouad	2025-05-26 16:27:01.056161	2025-05-26 16:27:01.012608	2025-05-27 02:06:12.239427	t	1	3
7	Hola	2025-05-27 17:04:15.687641	2025-05-27 17:04:15.686791	2025-05-27 17:04:44.98603	t	32	30
8	mamawebo	2025-05-27 17:04:51.015985	2025-05-27 17:04:51.015137	2025-05-27 17:05:03.068573	t	30	32
6	Hola	2025-05-27 17:02:14.665531	2025-05-27 17:02:14.659367	2025-05-27 17:07:29.055278	t	32	1
9	habla con el admin si te han hackeado	2025-05-27 17:27:57.940846	2025-05-27 17:27:57.933268	2025-05-27 17:27:57.940911	f	1	28
10	mm	2025-05-27 17:28:13.391746	2025-05-27 17:28:13.390428	2025-05-27 17:28:13.391814	f	1	28
11	mm	2025-05-27 17:28:15.08894	2025-05-27 17:28:15.087114	2025-05-27 17:28:15.089041	f	1	28
12	m	2025-05-27 17:28:16.040639	2025-05-27 17:28:16.039613	2025-05-27 17:28:16.040698	f	1	28
13	m	2025-05-27 17:28:17.096839	2025-05-27 17:28:17.0957	2025-05-27 17:28:17.096909	f	1	28
14	m	2025-05-27 17:28:17.879536	2025-05-27 17:28:17.878597	2025-05-27 17:28:17.879594	f	1	28
15	iuejobs	2025-05-27 17:29:17.942945	2025-05-27 17:29:17.941884	2025-05-27 17:29:17.943001	f	1	28
16	yctvuybhj	2025-05-27 17:29:34.426829	2025-05-27 17:29:34.425824	2025-05-27 17:29:34.426879	f	1	28
17	ounjl	2025-05-27 17:29:36.739878	2025-05-27 17:29:36.738685	2025-05-27 17:29:36.739947	f	1	28
18	khbnlj lmk	2025-05-27 17:29:40.073583	2025-05-27 17:29:40.071804	2025-05-27 17:29:40.073691	f	1	28
19	Mouad que tal ?	2025-05-27 19:02:21.688628	2025-05-27 19:02:21.679544	2025-05-27 19:02:28.656299	t	1	3
20	mal como el culo	2025-05-27 19:02:44.935951	2025-05-27 19:02:44.935056	2025-05-27 19:02:54.631492	t	3	1
21	ponte a hacer la memoria	2025-05-27 19:03:05.79724	2025-05-27 19:03:05.796288	2025-05-27 19:03:14.628499	t	3	1
22	Y tu arregla los fallos !!	2025-05-27 19:03:25.846912	2025-05-27 19:03:25.845865	2025-05-27 19:03:28.549974	t	1	3
23	vale	2025-05-27 19:05:03.38034	2025-05-27 19:05:03.37937	2025-05-27 19:05:03.380376	f	3	1
\.


--
-- Data for Name: comentario; Type: TABLE DATA; Schema: public; Owner: mouad
--

COPY public.comentario (id, contenido, created_at, fecha, img, updated_at, usuario_id, post_id) FROM stdin;
49	Vaya banda !	2025-05-27 00:38:48.023205	2025-05-27 00:38:48.012898	\N	2025-05-27 00:38:48.023237	1	27
53	EL gris manda ?	2025-05-27 02:20:26.121448	2025-05-27 02:20:26.107146	\N	2025-05-27 02:20:26.121508	1	27
54	Hola	2025-05-27 16:39:23.140144	2025-05-27 16:39:23.113466	\N	2025-05-27 16:39:23.140228	1	56
55	Hola!	2025-05-27 16:39:40.724995	2025-05-27 16:39:40.72392	\N	2025-05-27 16:39:40.725067	3	56
56	Hola!	2025-05-27 16:39:46.417204	2025-05-27 16:39:46.416271	\N	2025-05-27 16:39:46.417256	3	27
57	hola!	2025-05-27 16:59:43.530868	2025-05-27 16:59:43.525079	\N	2025-05-27 16:59:43.530924	28	56
58	Que grabde esta!	2025-05-27 17:06:33.735919	2025-05-27 17:06:33.723062	\N	2025-05-27 17:06:33.736025	1	59
\.


--
-- Data for Name: evento; Type: TABLE DATA; Schema: public; Owner: mouad
--

COPY public.evento (id, descripcion, fecha, nombre, ubicacion) FROM stdin;
2	sdfdsafasdf	2025-05-27	Mouad evento	dsafdsaf
1	salchichas unidos 	2025-05-27	Salshcias reunion	mataro
3	Para que se conozcan nuestros podencos	2029-06-27	Reunion de Podencos 	Santaco
\.


--
-- Data for Name: grupo; Type: TABLE DATA; Schema: public; Owner: mouad
--

COPY public.grupo (id, nombre, descripcion) FROM stdin;
5	paseos	para pasar
7	mouad grupo	sdfdsfdsaf
4	Perros callejeros	heee
\.


--
-- Data for Name: mascota; Type: TABLE DATA; Schema: public; Owner: mouad
--

COPY public.mascota (id, genero, nombre, especie, usuario_id, foto, fecha_nacimiento) FROM stdin;
11	Macho	Gato Dev	Gato 	24	mascotas/2025/05/3f2127a3-3e5f-4eec-b1c9-df419036b843.jpeg	2021-04-14
12	Macho	Perro Programador	Perro	25	mascotas/2025/05/38ab47b2-308c-46f2-9a32-b041deb050fe.jpg	2018-07-24
13	Macho	Gato IT	Gato	26	mascotas/2025/05/c3bd9746-b72c-4b17-888d-5a8a21a8ba68.jpeg	2017-01-12
1	Hembra	Valkyria	Perro - Podenco	1	mascotas/2025/05/fc5e50a2-da63-4bac-abbc-a400b087543b.jpg	2018-11-12
15	Macho	Vue	Gato 	34	mascotas/2025/05/842b445c-9369-433f-8af8-c89760a2d4e2.jpg	2025-05-27
16	Hembra	Java	Gato 	35	mascotas/2025/05/2e7493c6-ef76-40eb-9ab3-d020e93be456.jpg	2025-05-27
17	Macho	IP	Gato	36	mascotas/2025/05/0d2aa5b8-d92e-4ab9-8580-52e65a6d8d7a.jpeg	2025-05-27
18	Macho	Rex	Malinois	3	mascotas/2025/05/1e017233-b94f-4368-903a-b58725126941.jpeg	2023-07-13
20	Macho	dfds	sdafds	3	mascotas/2025/05/66b22572-28fe-46e7-b8db-d70e01dab35c.jpeg	2025-05-27
\.


--
-- Data for Name: notificaciones; Type: TABLE DATA; Schema: public; Owner: mouad
--

COPY public.notificaciones (id, fecha) FROM stdin;
\.


--
-- Data for Name: perfil; Type: TABLE DATA; Schema: public; Owner: mouad
--

COPY public.perfil (id, usuario_id, descripcion, fecha_nacimiento, img) FROM stdin;
21	1	Hola, estoy creando esto!!!	1997-03-10	posts/2025/05/76f9d067-7c68-4d41-9932-b09a83c168e9.jpg
23	25	¡Hola, soy Fernando Porrino!	2024-01-25	posts/2025/05/cfc8ea26-9a9d-4871-9072-d724971cb327.jpg
24	26	¡Hola, soy Luis Elía!	2022-09-21	posts/2025/05/3774fcd9-2f98-4771-a1a5-0d661c96ef01.jpg
3	3	Hola, estoy creando esto!!!	2003-07-13	posts/2025/05/1d41f15a-2e96-44dd-ad50-475e7b109ac7.jpg
26	28	holii	1999-02-01	posts/2025/05/c2e57c6b-7075-470d-8e5a-a097e52eae00.png
27	32	Soy un cuidador de Japon	2000-05-27	posts/2025/05/2435490e-0e79-4784-863e-bdbe5c91010c.jpg
28	30		2025-05-27	posts/2025/05/2e3c9000-a86f-4391-bae9-00be07f76d83.png
29	31		2025-05-27	posts/2025/05/0702795a-042b-4f58-aca9-fa14ecdb6b9a.jpeg
30	29	Hola!	2025-05-27	posts/2025/05/2654bfa4-26b0-42d5-afe4-059948a6ebd5.jpg
31	33	Salam Aleikum	2025-05-27	posts/2025/05/918b1368-098d-4ba1-80fb-c1b10c5f0900.jpg
32	34	Hola!	2025-05-27	posts/2025/05/7e24b2a7-af6d-476a-908f-f864cd4ce6c2.webp
33	35	Hola!	2025-05-27	posts/2025/05/70d874b3-bee8-4a89-8ea3-f36b87ce95d0.webp
34	36	Hola!	2025-05-27	posts/2025/05/3c26594b-2163-4f77-9cf8-4a9c13bac5ba.webp
\.


--
-- Data for Name: post; Type: TABLE DATA; Schema: public; Owner: mouad
--

COPY public.post (id, grupo_id, creador_id, contenido, fecha, img, created_at, updated_at) FROM stdin;
27	\N	3	Perros	2025-05-06 19:11:35.575171	https://www.infobae.com/resizer/v2/ZJ7J3APDKNGTXPTWS6H2EKCUKU.jpg?auth=2f59d41907d2ab0799312d22027d6cb00f2ea7d59fb2037756d6f4b6d6b833cf&smart=true&width=1200&height=675&quality=85	2025-05-06 19:11:35.624767	2025-05-06 19:11:35.62481
56	\N	1	Un dia en la nieve!	2025-05-27 02:04:37.294684	posts/2025/05/2b669b16-5b18-4751-8dba-2333b0b0a3ce.jpg	2025-05-27 02:04:37.295641	2025-05-27 02:04:37.295686
57	\N	30	Esta perdiendo la cabeza	2025-05-27 16:58:07.761125	posts/2025/05/a8fc8ecd-a321-4292-8f0b-61df70022afe.jpg	2025-05-27 16:58:07.78961	2025-05-27 16:58:07.789681
58	\N	28	slg	2025-05-27 16:59:31.373997	posts/2025/05/eef2f329-99e8-44c3-88f9-faa478b9110c.jpg	2025-05-27 16:59:31.374873	2025-05-27 16:59:31.374919
59	\N	32	Es tierna, se llama sofi	2025-05-27 17:01:17.299067	posts/2025/05/23981e02-d5ca-4495-9135-6c72ddcaf2be.jpg	2025-05-27 17:01:17.29997	2025-05-27 17:01:17.300011
62	\N	3	Gato programando	2025-05-27 20:02:00.292416	posts/2025/05/8ebf71dd-54f0-46e5-ad40-960639f81167.gif	2025-05-27 20:02:00.303384	2025-05-27 20:02:00.303462
63	\N	3	Paseando con Rex	2025-05-27 20:05:27.664869	posts/2025/05/bce69f1f-a548-4001-bd43-8e05bc029401.jpeg	2025-05-27 20:05:27.666144	2025-05-27 20:05:27.666204
\.


--
-- Data for Name: seguido; Type: TABLE DATA; Schema: public; Owner: mouad
--

COPY public.seguido (id, usuario_que_es_seguido_id, usuario_que_sigue_id) FROM stdin;
3	3	8
4	1	8
5	24	26
6	25	26
7	26	25
8	24	25
9	25	24
10	26	24
123	3	1
127	1	3
130	25	1
132	1	29
133	3	29
134	3	28
135	1	28
136	25	28
137	29	28
138	26	28
139	30	28
140	24	28
141	30	29
142	24	29
143	25	29
144	26	29
145	31	29
146	28	29
147	1	32
148	30	31
149	1	30
151	30	32
152	32	30
153	28	1
154	32	1
155	31	1
156	33	28
157	31	28
158	32	28
160	26	3
161	25	3
162	28	3
163	33	3
164	34	35
165	35	34
166	35	36
167	34	36
168	36	34
169	36	35
\.


--
-- Data for Name: usuario; Type: TABLE DATA; Schema: public; Owner: mouad
--

COPY public.usuario (id, nombre, email, password, apellido) FROM stdin;
28	Achraf	achrafibrahimi.1998@gmail.com	$2a$10$KNN2arl3Rny8utk6SoUGYObwpJft21x6.Rm2q0RLpW.qSGvy1HbPm	Ibrahimi
3	Mouad	msedjari@elpuig.xeill.net	$2a$10$qEdrO.My/Z0FSNUm/QC4NODH6wWU.PtPwtwPtskoLdiYGHtE3xfdC	Sedjari
32	Jaider	Jaiderg@gmail.com	$2a$10$jEDUDs/Jh50u/ew7.gOYaOeBQ2USSoxlLzXrurrv3DM.PmgFMElou	Andres
30	Alejandro	atome@elpuig.xeill	$2a$10$Lss37pVfk7Xon7piwEluDOwB0BViOGiWYFu5CN9bFbMchj5w06/ES	Tome
31	Roly	rolys@gmail.com	$2a$10$tT37vHhiBEnRfN0c3nfO2OPBRPfuAm11iVWW/4iVTEcjyNDAY85Ri	Silvestre
29	Irene	ireneurbanoluque@gmail.com	$2a$10$ohk6rGnhgCePwFVwAG.ud.lCRu4pl5w1GMuWvB4.9FONiYe4YNdwW	Urbano Luque
33	Othman	othman@gmail.com	$2a$10$Ntec9ivEei3uJK0Bj.7ypeimmcmuvOPNUf.AgHCmgPsxuc/IJzB7S	Douiri
34	 Daniel	daniel.martinez@elpuig.xeill.net	$2a$10$9HLqRbnuqdoulitRfD9pU.xi4RBxSmurnBs2UnUhi6LVe/pEEZCMq	Martínez
35	Jordi	jherna76@elpuig.xeill.net	$2a$10$gumWAbXs083RZHnX.OakTOmzE0A6uTFnQIIUFLW9u8lKAjQzhGW6W	Hernàndez
36	Oscar	q2dg@elpuig.xeill.net	$2a$10$JFenEq8GJ6BI282R4nD/ZefpuOjieK/McITuEzV9zX6CNTJ.xxQY.	Torrente
37	Daniel	jimenezdaniel@elpuig.xeill.net	$2a$10$hfIkK7t88KGFgVAXK/ScCeRLj0P.R5rYM0VtVHW3UKWB2MSeb95sq	Jiménez Parreño
1	Fernando	fdiaz1997@gmail.com	$2a$10$7EUeb7fwyxeMNkKpoDqES.DAR.WJKeHaIP3xoXjnFuq6Vu05PtJKO	Diaz
25	Fernando	porrino.fernando@elpuig.xeill.net	$2a$10$ExuP.7XV8PFPDxa1cc6BkOs5wejfuf5j2RooOIpFOBP926NI8oeZO	Porrino
26	 Luis	luis@elpuig.xeill.net	$2a$10$eEmnOv2l6HCWwBGQUqw3Ye5EymZMy7djA2KHpMrGzQ9.L5PJfPPUC	Elía
\.


--
-- Data for Name: usuario_evento; Type: TABLE DATA; Schema: public; Owner: mouad
--

COPY public.usuario_evento (id, rol, evento_id, usuario_id) FROM stdin;
2	CREADOR	2	3
3	ASISTENTE	2	1
4	ASISTENTE	1	1
6	ASISTENTE	3	1
7	ASISTENTE	1	3
8	ASISTENTE	3	3
\.


--
-- Data for Name: usuario_grupo; Type: TABLE DATA; Schema: public; Owner: mouad
--

COPY public.usuario_grupo (id, grupo_id, usuario_id, rol) FROM stdin;
14	4	3	Admin
15	4	3	Miembro
16	4	3	Miembro
17	4	3	Miembro
18	4	3	Miembro
19	4	3	Miembro
20	4	3	Miembro
21	4	3	Miembro
22	4	3	Miembro
23	4	3	Miembro
24	4	3	Miembro
25	4	3	Miembro
26	4	3	Miembro
27	4	3	Miembro
28	4	3	Miembro
29	4	3	Miembro
30	4	3	Miembro
31	4	3	Miembro
32	4	3	Miembro
33	4	3	Miembro
34	4	3	Miembro
35	4	3	Miembro
36	4	3	Miembro
37	4	3	Miembro
38	4	3	Miembro
39	4	3	Miembro
40	4	3	Miembro
41	4	3	Miembro
42	4	3	Miembro
43	4	3	Miembro
44	4	3	Miembro
45	4	3	Miembro
46	4	3	Miembro
47	4	3	Miembro
48	5	1	Admin
49	4	1	Miembro
51	7	3	Admin
\.


--
-- Data for Name: usuario_post; Type: TABLE DATA; Schema: public; Owner: mouad
--

COPY public.usuario_post (id, fecha, post_id, usuario_id) FROM stdin;
11	2025-05-27 01:17:03.878477	27	1
12	2025-05-27 17:01:37.293616	58	32
13	2025-05-27 17:12:09.270854	59	1
16	2025-05-27 19:01:41.257839	59	3
17	2025-05-27 20:05:56.932527	58	3
\.


--
-- Data for Name: valoracion; Type: TABLE DATA; Schema: public; Owner: fernando
--

COPY public.valoracion (id, autor_id, receptor_id, puntuacion, contenido, fecha, created_at, updated_at) FROM stdin;
9	3	1	5	Muy buen cuidador, me mandaba fotos de mi mascota cada dia!	2025-05-26 22:11:16.924	2025-05-27 00:11:17.002232	2025-05-27 00:11:17.002308
11	32	1	5	Es buena gente	2025-05-27 14:58:14.327	2025-05-27 16:58:16.018489	2025-05-27 16:58:16.018558
12	28	26	3	perfecto	2025-05-27 15:00:17.402	2025-05-27 17:00:18.143897	2025-05-27 17:00:18.143959
15	3	26	3	hola	2025-05-27 17:16:12.166	2025-05-27 19:16:12.422494	2025-05-27 19:16:12.422559
18	1	28	4	No le dio de comer a mi perro en sus horas!	2025-05-27 18:18:34.453	2025-05-27 20:18:34.505872	2025-05-27 20:18:34.505907
\.


--
-- Name: Usuario_id_seq; Type: SEQUENCE SET; Schema: public; Owner: mouad
--

SELECT pg_catalog.setval('public."Usuario_id_seq"', 37, true);


--
-- Name: chat_id_seq; Type: SEQUENCE SET; Schema: public; Owner: mouad
--

SELECT pg_catalog.setval('public.chat_id_seq', 25, true);


--
-- Name: comentario_id_seq; Type: SEQUENCE SET; Schema: public; Owner: mouad
--

SELECT pg_catalog.setval('public.comentario_id_seq', 61, true);


--
-- Name: evento_id_seq; Type: SEQUENCE SET; Schema: public; Owner: mouad
--

SELECT pg_catalog.setval('public.evento_id_seq', 3, true);


--
-- Name: grupo_id_seq; Type: SEQUENCE SET; Schema: public; Owner: mouad
--

SELECT pg_catalog.setval('public.grupo_id_seq', 7, true);


--
-- Name: mascota_id_seq; Type: SEQUENCE SET; Schema: public; Owner: mouad
--

SELECT pg_catalog.setval('public.mascota_id_seq', 20, true);


--
-- Name: notificaciones_id_seq; Type: SEQUENCE SET; Schema: public; Owner: mouad
--

SELECT pg_catalog.setval('public.notificaciones_id_seq', 1, false);


--
-- Name: perfil_id_seq; Type: SEQUENCE SET; Schema: public; Owner: mouad
--

SELECT pg_catalog.setval('public.perfil_id_seq', 34, true);


--
-- Name: post_id_seq; Type: SEQUENCE SET; Schema: public; Owner: mouad
--

SELECT pg_catalog.setval('public.post_id_seq', 63, true);


--
-- Name: seguido_id_seq; Type: SEQUENCE SET; Schema: public; Owner: mouad
--

SELECT pg_catalog.setval('public.seguido_id_seq', 169, true);


--
-- Name: usuario_evento_id_seq; Type: SEQUENCE SET; Schema: public; Owner: mouad
--

SELECT pg_catalog.setval('public.usuario_evento_id_seq', 8, true);


--
-- Name: usuario_grupo_id_seq; Type: SEQUENCE SET; Schema: public; Owner: mouad
--

SELECT pg_catalog.setval('public.usuario_grupo_id_seq', 51, true);


--
-- Name: usuario_post_id_seq; Type: SEQUENCE SET; Schema: public; Owner: mouad
--

SELECT pg_catalog.setval('public.usuario_post_id_seq', 17, true);


--
-- Name: valoracion_id_seq; Type: SEQUENCE SET; Schema: public; Owner: fernando
--

SELECT pg_catalog.setval('public.valoracion_id_seq', 19, true);


--
-- Name: usuario Usuario_pkey; Type: CONSTRAINT; Schema: public; Owner: mouad
--

ALTER TABLE ONLY public.usuario
    ADD CONSTRAINT "Usuario_pkey" PRIMARY KEY (id);


--
-- Name: chat chat_pkey; Type: CONSTRAINT; Schema: public; Owner: mouad
--

ALTER TABLE ONLY public.chat
    ADD CONSTRAINT chat_pkey PRIMARY KEY (id);


--
-- Name: comentario comentario_pkey; Type: CONSTRAINT; Schema: public; Owner: mouad
--

ALTER TABLE ONLY public.comentario
    ADD CONSTRAINT comentario_pkey PRIMARY KEY (id);


--
-- Name: evento evento_pkey; Type: CONSTRAINT; Schema: public; Owner: mouad
--

ALTER TABLE ONLY public.evento
    ADD CONSTRAINT evento_pkey PRIMARY KEY (id);


--
-- Name: grupo grupo_pkey; Type: CONSTRAINT; Schema: public; Owner: mouad
--

ALTER TABLE ONLY public.grupo
    ADD CONSTRAINT grupo_pkey PRIMARY KEY (id);


--
-- Name: mascota mascota_pkey; Type: CONSTRAINT; Schema: public; Owner: mouad
--

ALTER TABLE ONLY public.mascota
    ADD CONSTRAINT mascota_pkey PRIMARY KEY (id);


--
-- Name: notificaciones notificaciones_pkey; Type: CONSTRAINT; Schema: public; Owner: mouad
--

ALTER TABLE ONLY public.notificaciones
    ADD CONSTRAINT notificaciones_pkey PRIMARY KEY (id);


--
-- Name: perfil perfil_pkey; Type: CONSTRAINT; Schema: public; Owner: mouad
--

ALTER TABLE ONLY public.perfil
    ADD CONSTRAINT perfil_pkey PRIMARY KEY (id);


--
-- Name: post post_pkey; Type: CONSTRAINT; Schema: public; Owner: mouad
--

ALTER TABLE ONLY public.post
    ADD CONSTRAINT post_pkey PRIMARY KEY (id);


--
-- Name: seguido seguido_pkey; Type: CONSTRAINT; Schema: public; Owner: mouad
--

ALTER TABLE ONLY public.seguido
    ADD CONSTRAINT seguido_pkey PRIMARY KEY (id);


--
-- Name: perfil uk_perfil_usuario_id; Type: CONSTRAINT; Schema: public; Owner: mouad
--

ALTER TABLE ONLY public.perfil
    ADD CONSTRAINT uk_perfil_usuario_id UNIQUE (usuario_id);


--
-- Name: perfil ukqimyhrxv3rmjmv7cs5fi1ek85; Type: CONSTRAINT; Schema: public; Owner: mouad
--

ALTER TABLE ONLY public.perfil
    ADD CONSTRAINT ukqimyhrxv3rmjmv7cs5fi1ek85 UNIQUE (usuario_id);


--
-- Name: usuario_evento usuario_evento_pkey; Type: CONSTRAINT; Schema: public; Owner: mouad
--

ALTER TABLE ONLY public.usuario_evento
    ADD CONSTRAINT usuario_evento_pkey PRIMARY KEY (id);


--
-- Name: usuario_grupo usuario_grupo_pkey; Type: CONSTRAINT; Schema: public; Owner: mouad
--

ALTER TABLE ONLY public.usuario_grupo
    ADD CONSTRAINT usuario_grupo_pkey PRIMARY KEY (id);


--
-- Name: usuario_post usuario_post_pkey; Type: CONSTRAINT; Schema: public; Owner: mouad
--

ALTER TABLE ONLY public.usuario_post
    ADD CONSTRAINT usuario_post_pkey PRIMARY KEY (id);


--
-- Name: valoracion valoracion_pkey; Type: CONSTRAINT; Schema: public; Owner: fernando
--

ALTER TABLE ONLY public.valoracion
    ADD CONSTRAINT valoracion_pkey PRIMARY KEY (id);


--
-- Name: usuario_evento fk8x76e33rsidpp4bishwdd04lh; Type: FK CONSTRAINT; Schema: public; Owner: mouad
--

ALTER TABLE ONLY public.usuario_evento
    ADD CONSTRAINT fk8x76e33rsidpp4bishwdd04lh FOREIGN KEY (evento_id) REFERENCES public.evento(id);


--
-- Name: comentario fk_comentario_post; Type: FK CONSTRAINT; Schema: public; Owner: mouad
--

ALTER TABLE ONLY public.comentario
    ADD CONSTRAINT fk_comentario_post FOREIGN KEY (post_id) REFERENCES public.post(id) ON DELETE CASCADE;


--
-- Name: post fk_creador; Type: FK CONSTRAINT; Schema: public; Owner: mouad
--

ALTER TABLE ONLY public.post
    ADD CONSTRAINT fk_creador FOREIGN KEY (creador_id) REFERENCES public.usuario(id) ON DELETE CASCADE;


--
-- Name: post fk_grupo; Type: FK CONSTRAINT; Schema: public; Owner: mouad
--

ALTER TABLE ONLY public.post
    ADD CONSTRAINT fk_grupo FOREIGN KEY (grupo_id) REFERENCES public.grupo(id) ON DELETE CASCADE;


--
-- Name: usuario_grupo fk_grupo; Type: FK CONSTRAINT; Schema: public; Owner: mouad
--

ALTER TABLE ONLY public.usuario_grupo
    ADD CONSTRAINT fk_grupo FOREIGN KEY (grupo_id) REFERENCES public.grupo(id) ON DELETE CASCADE;


--
-- Name: perfil fk_perfil_usuario; Type: FK CONSTRAINT; Schema: public; Owner: mouad
--

ALTER TABLE ONLY public.perfil
    ADD CONSTRAINT fk_perfil_usuario FOREIGN KEY (usuario_id) REFERENCES public.usuario(id) ON DELETE CASCADE;


--
-- Name: usuario_grupo fk_usuario; Type: FK CONSTRAINT; Schema: public; Owner: mouad
--

ALTER TABLE ONLY public.usuario_grupo
    ADD CONSTRAINT fk_usuario FOREIGN KEY (usuario_id) REFERENCES public.usuario(id) ON DELETE CASCADE;


--
-- Name: chat fkcnfx4tcx0mjdwqfolg0ajypu3; Type: FK CONSTRAINT; Schema: public; Owner: mouad
--

ALTER TABLE ONLY public.chat
    ADD CONSTRAINT fkcnfx4tcx0mjdwqfolg0ajypu3 FOREIGN KEY (emisor_id) REFERENCES public.usuario(id);


--
-- Name: usuario_evento fkgsiny8oonbc82c44qsnd29nm8; Type: FK CONSTRAINT; Schema: public; Owner: mouad
--

ALTER TABLE ONLY public.usuario_evento
    ADD CONSTRAINT fkgsiny8oonbc82c44qsnd29nm8 FOREIGN KEY (usuario_id) REFERENCES public.usuario(id);


--
-- Name: comentario fkixspmid2pb85o8ypsd20jakxg; Type: FK CONSTRAINT; Schema: public; Owner: mouad
--

ALTER TABLE ONLY public.comentario
    ADD CONSTRAINT fkixspmid2pb85o8ypsd20jakxg FOREIGN KEY (usuario_id) REFERENCES public.usuario(id);


--
-- Name: usuario_post fknv8vbueu7ie3u1as6gords0i9; Type: FK CONSTRAINT; Schema: public; Owner: mouad
--

ALTER TABLE ONLY public.usuario_post
    ADD CONSTRAINT fknv8vbueu7ie3u1as6gords0i9 FOREIGN KEY (usuario_id) REFERENCES public.usuario(id);


--
-- Name: chat fkomcfygas78eyx4j5hyxv1kf2u; Type: FK CONSTRAINT; Schema: public; Owner: mouad
--

ALTER TABLE ONLY public.chat
    ADD CONSTRAINT fkomcfygas78eyx4j5hyxv1kf2u FOREIGN KEY (receptor_id) REFERENCES public.usuario(id);


--
-- Name: usuario_post fksb2ejtvfhs09ds7ho10nya4xr; Type: FK CONSTRAINT; Schema: public; Owner: mouad
--

ALTER TABLE ONLY public.usuario_post
    ADD CONSTRAINT fksb2ejtvfhs09ds7ho10nya4xr FOREIGN KEY (post_id) REFERENCES public.post(id);


--
-- Name: valoracion valoracion_autor_id_fkey; Type: FK CONSTRAINT; Schema: public; Owner: fernando
--

ALTER TABLE ONLY public.valoracion
    ADD CONSTRAINT valoracion_autor_id_fkey FOREIGN KEY (autor_id) REFERENCES public.usuario(id);


--
-- Name: valoracion valoracion_receptor_id_fkey; Type: FK CONSTRAINT; Schema: public; Owner: fernando
--

ALTER TABLE ONLY public.valoracion
    ADD CONSTRAINT valoracion_receptor_id_fkey FOREIGN KEY (receptor_id) REFERENCES public.usuario(id);


--
-- PostgreSQL database dump complete
--

